,CastId,MovieId,CastRole
0,1101153,2035103,Director
1,1993644,2035103,Director
2,1033316,2035103,Writer
3,1029334,2035103,Cast
4,1035984,2035103,Cast
5,1110017,2035103,Cast
6,1983857,2035103,Cast
7,1035569,2035103,Cast
8,1107812,2035103,Cast
9,1023754,2035825,Director
10,2080763,2035825,Director
11,2003159,2035825,Writer
12,1106913,2035825,Cast
13,1014950,2035825,Cast
14,1100472,2035825,Cast
15,2005782,2035825,Cast
16,1100301,2035825,Cast
17,1025702,2035825,Cast
18,1002388,1077548,Director
19,1100295,1010347,Director
20,2013036,1010347,Director
21,2074475,2032248,Director
22,2080257,2032248,Director
23,2013122,2032248,Writer
24,1026639,2032248,Cast
25,1101223,2032248,Cast
26,1089793,2032248,Cast
27,2015808,2032248,Cast
28,1100848,2032248,Cast
29,1038960,2032248,Cast
30,1026173,2034384,Director
31,1110406,2034384,Director
32,1033316,2034384,Writer
33,1010983,2034384,Cast
34,1005695,2034384,Cast
35,1983002,2034384,Cast
36,1110027,2034384,Cast
37,1055941,2034384,Cast
38,1106793,2034384,Cast
39,1993430,2034041,Director
40,2091529,2034041,Director
41,1993430,2034041,Writer
42,2078213,2034041,Writer
43,1020509,2034041,Cast
44,1093917,2034041,Cast
45,1077845,2034041,Cast
46,1084040,2034041,Cast
47,1019067,2034041,Cast
48,1995597,2034041,Cast
49,1102229,2032817,Director
50,1025881,2032817,Director
51,1087034,2032817,Writer
52,1112025,2032817,Writer
53,1103043,2032817,Cast
54,1077845,2032817,Cast
55,1100991,2032817,Cast
56,1085016,2032817,Cast
57,1056613,2032817,Cast
58,1090208,2032817,Cast
59,1072283,2032873,Director
60,1977527,2032873,Director
61,1072283,2032873,Writer
62,1044776,2032873,Cast
63,1069429,2032873,Cast
64,1023162,2032873,Cast
65,1025622,2032873,Cast
66,1100677,2032873,Cast
67,1082123,2032873,Cast
68,1100099,2030742,Director
69,1100099,2030742,Writer
70,1082130,2030742,Cast
71,1094402,2030742,Cast
72,2014253,2030742,Cast
73,2020091,2030742,Cast
74,2072238,2030742,Cast
75,1026190,2030742,Cast
76,1104856,2032499,Director
77,1979875,2032499,Writer
78,2056532,2032499,Cast
79,2056533,2032499,Cast
80,2056531,2032499,Cast
81,1106505,2032499,Cast
82,2075002,2032499,Cast
83,1007377,2032499,Cast
84,2056725,2032525,Writer
85,2073842,2032459,Director
86,2073842,2032459,Writer
87,1983847,2032459,Cast
88,1049333,2032459,Cast
89,2073843,2032459,Cast
90,2055920,2032459,Cast
91,2016542,2032459,Cast
92,1014426,2032459,Cast
93,1091891,2036950,Director
94,1978893,2036950,Cast
95,2082449,2036403,Director
96,2082448,2036403,Director
97,2078103,2034715,Director
98,2078103,2034715,Writer
99,2019809,2034715,Cast
100,1976865,2034715,Cast
101,2015493,2034715,Cast
102,1060239,2034715,Cast
103,2078097,2034715,Cast
104,1111133,2034715,Cast
105,2015567,2036658,Director
106,2109218,2036658,Writer
107,2110642,2036658,Writer
108,2015567,2036658,Cast
109,2027993,2036658,Cast
110,1007480,2036658,Cast
111,2109212,2036658,Cast
112,1020249,2036658,Cast
113,2017273,2036658,Cast
114,2011222,2040967,Director
115,2011222,2040967,Writer
116,2055893,2040967,Cast
117,1020249,2040967,Cast
118,2021734,2046701,Director
119,2021734,2046701,Writer
120,2009699,2046701,Writer
121,1977738,2046368,Director
122,1977738,2046368,Writer
123,2028057,2046368,Cast
124,1977738,2046368,Cast
125,1107642,2036338,Director
126,1107642,2036338,Writer
127,1722256,2036338,Cast
128,1107642,2036338,Cast
129,2006423,2036338,Cast
130,2101805,2036338,Cast
131,2074604,2036338,Cast
132,1981982,2036338,Cast
133,1061156,2034447,Director
134,1061156,2034447,Writer
135,1061156,2034447,Cast
136,1064927,2034447,Cast
137,1983435,2034447,Cast
138,2108621,2034447,Cast
139,2108071,2034447,Cast
140,1031529,2034447,Cast
141,1102507,2034236,Director
142,2077604,2034236,Director
143,1102507,2034236,Writer
144,1087969,2034236,Cast
145,1977421,2034236,Cast
146,2077064,2034236,Cast
147,2077065,2034236,Cast
148,2116186,2034236,Cast
149,1100476,2040848,Director
150,1100476,2040848,Writer
151,2093629,2040848,Writer
152,2093772,2040848,Cast
153,2152490,2036545,Director
154,2096691,2036545,Writer
155,2096692,2036545,Writer
156,1983033,2036545,Cast
157,2096691,2036545,Cast
158,1101642,1011138,Director
159,1100278,1011138,Writer
160,1019067,1011138,Cast
161,1074816,1011138,Cast
162,1035984,1011138,Cast
163,1056613,1011138,Cast
164,1059493,1011138,Cast
165,1096138,1011138,Cast
166,2084381,2037031,Director
167,1110055,2037031,Director
168,2084382,2037031,Writer
169,2114555,2037031,Writer
170,1078897,2037031,Cast
171,2013418,2037031,Cast
172,1105550,2037031,Cast
173,1045241,2037031,Cast
174,1104724,2037031,Cast
175,2086667,2037031,Cast
176,2082639,2035228,Director
177,2082639,2035228,Writer
178,1100076,2035228,Cast
179,2082642,2035228,Cast
180,2082685,2036522,Director
181,2082685,2036522,Writer
182,1983837,2036522,Cast
183,1981456,2036398,Director
184,2027083,2036398,Director
185,1981456,2036398,Writer
186,2082437,2036398,Cast
187,2082439,2036398,Cast
188,2082438,2036398,Cast
189,2027083,2036398,Cast
190,2023180,2036398,Cast
191,2022648,2036398,Cast
192,2082445,2036402,Director
193,2082445,2036402,Writer
194,2082447,2036402,Cast
195,2082446,2036402,Cast
196,1100055,2027320,Director
197,2070769,2027320,Writer
198,1045331,2027320,Writer
199,1110041,2027320,Cast
200,1018692,2027320,Cast
201,1031917,2027320,Cast
202,1100075,2027320,Cast
203,2073088,2027320,Cast
204,1101067,2027320,Cast
205,2015141,2034825,Director
206,2122455,2034825,Writer
207,1036968,2034825,Cast
208,2023289,2034825,Cast
209,1105779,2034825,Cast
210,2069226,2034825,Cast
211,2027993,2034825,Cast
212,2078440,2034829,Director
213,2078440,2034829,Writer
214,1059990,2034029,Director
215,1022759,2034029,Writer
216,2019740,2034029,Cast
217,1009009,2034029,Cast
218,2084995,2034029,Cast
219,2011670,2034029,Cast
220,2084993,2034029,Cast
221,1111498,2034029,Cast
222,2026564,2032926,Director
223,1102122,2032926,Director
224,2077184,2032926,Writer
225,2077185,2032926,Writer
226,1088277,2032926,Cast
227,1100063,2032926,Cast
228,#google_vignett,2032926,Cast
229,1023249,2032926,Cast
230,1020706,2032926,Cast
231,1019247,2032926,Cast
232,1105563,2005930,Director
233,1978048,2005930,Director
234,1034366,2005930,Writer
235,1007105,2005930,Cast
236,1059493,2005930,Cast
237,1100327,2005930,Cast
238,2006196,2005930,Cast
239,1020249,2005930,Cast
240,1105181,2005930,Cast
241,1100310,2029989,Director
242,2068099,2029989,Director
243,1101764,2029989,Writer
244,1014315,2029989,Cast
245,1015057,2029989,Cast
246,1035984,2029989,Cast
247,1007446,2029989,Cast
248,1104513,2029989,Cast
249,2010961,2029989,Cast
250,1048366,2033386,Director
251,2068099,2033386,Director
252,1978458,2033386,Writer
253,1007377,2033386,Writer
254,1043049,2033386,Cast
255,1074068,2033386,Cast
256,1007377,2033386,Cast
257,1101695,2033386,Cast
258,1991741,2033386,Cast
259,1067219,2033386,Cast
260,2014380,2033593,Director
261,2075582,2033593,Cast
262,2004945,2032773,Director
263,2061221,2032773,Writer
264,2017633,2032773,Cast
265,1979081,2032773,Cast
266,2074248,2032773,Cast
267,1100310,1341537,Director
268,1982995,1341537,Director
269,2022612,1341537,Writer
270,1100180,1341537,Writer
271,1101790,1341537,Cast
272,1100548,1341537,Cast
273,1089829,1341537,Cast
274,1978893,1341537,Cast
275,1103841,1341537,Cast
276,1019247,1341537,Cast
277,2010360,2033574,Director
278,2010360,2033574,Writer
279,1102189,2033574,Cast
280,1995276,2033574,Cast
281,2010815,2033574,Cast
282,1019254,2033574,Cast
283,2017456,2033574,Cast
284,1977420,2033574,Cast
285,1004016,2020240,Director
286,1106954,2020240,Director
287,1045331,2020240,Writer
288,1109666,2020240,Writer
289,1024671,2020240,Cast
290,1082742,2020240,Cast
291,1014252,2020240,Cast
292,1015994,2020240,Cast
293,1006630,2020240,Cast
294,1995597,2020240,Cast
295,2028750,2028402,Director
296,2010806,2028402,Director
297,1099929,2028402,Writer
298,1074816,2028402,Cast
299,1080872,2028402,Cast
300,1044427,2028402,Cast
301,2019856,2028402,Cast
302,1016462,2028402,Cast
303,1095893,2028402,Cast
304,1107819,2031108,Director
305,1982995,2031108,Director
306,1101308,2031108,Writer
307,1083902,2031108,Cast
308,2016643,2031108,Cast
309,1102046,2031108,Cast
310,1100001,2031108,Cast
311,2069226,2031108,Cast
312,1045389,2031108,Cast
313,1085168,2029813,Director
314,2069511,2029813,Director
315,1066119,2029813,Writer
316,1069429,2029813,Cast
317,1080533,2029813,Cast
318,1101295,2029813,Cast
319,1051054,2029813,Cast
320,1102895,2029813,Cast
321,2019353,2029813,Cast
322,1042058,2033156,Director
323,1100000,2033156,Director
324,1981363,2033156,Writer
325,1020509,2033156,Cast
326,1100321,2033156,Cast
327,1049333,2033156,Cast
328,1025118,2033156,Cast
329,1019493,2033156,Cast
330,1107812,2033156,Cast
331,1100125,2030601,Director
332,1100464,2030601,Director
333,2074729,2030601,Writer
334,1100125,2030601,Cast
335,1104097,2030601,Cast
336,1011858,2030601,Cast
337,1056613,2030601,Cast
338,1004494,2030601,Cast
339,1020249,2030601,Cast
340,2068099,2029160,Director
341,2091529,2029160,Director
342,1101308,2029160,Writer
343,1066039,2029160,Cast
344,1077842,2029160,Cast
345,1015376,2029160,Cast
346,1106793,2029160,Cast
347,1108810,2029160,Cast
348,2068236,2029160,Cast
349,1056421,2029814,Director
350,1101296,2029814,Writer
351,1073676,2029814,Cast
352,1100178,2029814,Cast
353,1083902,2029814,Cast
354,1049773,2029814,Cast
355,1110017,2029814,Cast
356,2027999,2029814,Cast
357,1100299,2025865,Director
358,1070488,2025865,Director
359,2028499,2025865,Writer
360,1037605,2025865,Cast
361,1977131,2025865,Cast
362,1020534,2025865,Cast
363,1110017,2025865,Cast
364,2099536,2025865,Cast
365,1035984,2025865,Cast
366,1026173,2019799,Director
367,1100126,2019799,Director
368,1100133,2019799,Writer
369,1014111,2019799,Writer
370,1100133,2019799,Cast
371,1014111,2019799,Cast
372,1977444,2019799,Cast
373,1110017,2019799,Cast
374,1107812,2019799,Cast
375,1048346,2019799,Cast
376,2069775,2029798,Director
377,2070609,2029798,Director
378,2069775,2029798,Writer
379,1089829,2029798,Cast
380,1024208,2029798,Cast
381,1093781,2029798,Cast
382,2070610,2029798,Cast
383,2013418,2029798,Cast
384,1991397,2029798,Cast
385,2072898,2030999,Director
386,2072898,2030999,Writer
387,2072899,2030999,Writer
388,2056321,2030999,Cast
389,2073000,2030999,Cast
390,1991296,2030999,Cast
391,2078058,2030999,Cast
392,1111909,2030377,Director
393,1100140,2030377,Writer
394,2071736,2030377,Cast
395,2061568,2026233,Director
396,1102122,2026233,Director
397,2020860,2026233,Writer
398,2068996,2026233,Writer
399,1056389,2026233,Cast
400,2066992,2026233,Cast
401,1100548,2026233,Cast
402,1007377,2026233,Cast
403,1067219,2026233,Cast
404,1006699,2026233,Cast
405,1103849,2030243,Director
406,2028750,2030243,Director
407,1983160,2030243,Writer
408,1108852,2030243,Cast
409,1107812,2030243,Cast
410,2005782,2030243,Cast
411,1112984,2030243,Cast
412,1998828,2030243,Cast
413,1111866,2030243,Cast
414,1101153,2022405,Director
415,1100278,2022405,Writer
416,1086934,2022405,Cast
417,1035984,2022405,Cast
418,1100150,2022405,Cast
419,1050844,2022405,Cast
420,1102271,2022405,Cast
421,1045389,2022405,Cast
422,1107840,2029993,Director
423,1107841,2029993,Writer
424,1003694,2029993,Cast
425,1056613,2029993,Cast
426,1107812,2029993,Cast
427,1113207,2029993,Cast
428,1110017,2029993,Cast
429,2022740,2029993,Cast
430,1107819,2029347,Director
431,2023297,2029347,Director
432,1052458,2029347,Writer
433,1100258,2029347,Cast
434,1059493,2029347,Cast
435,1980322,2029347,Cast
436,1105358,2029347,Cast
437,2027980,2029347,Cast
438,2070875,2029347,Cast
439,1040732,2026456,Director
440,1993644,2026456,Director
441,1020067,2026456,Writer
442,1977131,2026456,Cast
443,1100079,2026456,Cast
444,1087969,2026456,Cast
445,1020216,2026456,Cast
446,#google_vignett,2026456,Cast
447,2019666,2026456,Cast
448,2067891,2029041,Director
449,1007399,2029041,Cast
450,1107819,2021758,Director
451,2108107,2021758,Director
452,1978458,2021758,Writer
453,1981705,2021758,Cast
454,2003463,2021758,Cast
455,1056613,2021758,Cast
456,1060952,2021758,Cast
457,1980136,2021758,Cast
458,2067861,2021758,Cast
459,1103316,2026145,Director
460,2010145,2026145,Director
461,1101764,2026145,Writer
462,1048632,2026145,Cast
463,1110041,2026145,Cast
464,1100677,2026145,Cast
465,1100226,2026145,Cast
466,1100327,2026145,Cast
467,1105027,2026145,Cast
468,1040495,2025632,Director
469,1081749,2025632,Director
470,1976871,2025632,Writer
471,1100286,2025632,Cast
472,1011858,2025632,Cast
473,1066039,2025632,Cast
474,1049773,2025632,Cast
475,1107812,2025632,Cast
476,1044427,2025632,Cast
477,1103816,2018918,Director
478,1110405,2018918,Director
479,1072084,2018918,Writer
480,1100079,2018918,Cast
481,1100033,2018918,Cast
482,1100321,2018918,Cast
483,2020386,2018918,Cast
484,2044864,2018918,Cast
485,1076374,2018918,Cast
486,1046295,2027144,Director
487,2063683,2027144,Writer
488,2015808,2027144,Cast
489,1100851,2027144,Cast
490,2063685,2027144,Cast
491,2063684,2027144,Cast
492,1100125,2027144,Cast
493,2006196,2027144,Cast
494,1100299,2018285,Director
495,2098756,2018285,Director
496,1100299,2018285,Writer
497,2063012,2018285,Cast
498,1100079,2018285,Cast
499,1104201,2018285,Cast
500,1978697,2018285,Cast
501,1100673,2018285,Cast
502,2065616,2018285,Cast
503,1109093,2027056,Director
504,2120710,2027056,Director
505,1109093,2027056,Writer
506,2014089,2027056,Cast
507,1105027,2027056,Cast
508,1981636,2027056,Cast
509,1016462,2027056,Cast
510,2028502,2027056,Cast
511,1061901,2027056,Cast
512,1106776,2022240,Director
513,2080257,2022240,Director
514,1106776,2022240,Writer
515,2013122,2022240,Writer
516,1035185,2022240,Cast
517,1074816,2022240,Cast
518,2028502,2022240,Cast
519,1061901,2022240,Cast
520,1086924,2022240,Cast
521,2015799,2022240,Cast
522,2010241,2010133,Director
523,2010241,2010133,Writer
524,1019247,2010133,Cast
525,1101828,2010133,Cast
526,1100774,2010133,Cast
527,1992244,2010133,Cast
528,1979685,2010133,Cast
529,1112063,2010133,Cast
530,2008632,2039389,Director
531,2021038,2039389,Writer
532,1035705,2039389,Cast
533,1983500,2039389,Cast
534,2107209,2039389,Cast
535,2009804,2039389,Cast
536,2009801,2039389,Cast
537,1979673,2039389,Cast
538,2062676,2026544,Director
539,1101308,2026544,Writer
540,1083995,2026544,Cast
541,1015376,2026544,Cast
542,1104578,2026544,Cast
543,1077842,2026544,Cast
544,1100091,2033320,Director
545,1979085,2033320,Director
546,1100906,2033320,Writer
547,1019746,2033320,Cast
548,1980599,2033320,Cast
549,1029840,2033320,Cast
550,2021435,2033320,Cast
551,1111133,2033320,Cast
552,1100236,2033320,Cast
553,1103849,2033456,Director
554,1082104,2033456,Director
555,2075932,2033456,Writer
556,1102331,2033456,Cast
557,1104099,2033456,Cast
558,2075935,2033456,Cast
559,1978559,2033456,Cast
560,1060239,2033456,Cast
561,2005782,2033456,Cast
562,1110919,2030372,Director
563,1111489,2040696,Cast
564,1100091,2033320,Director
565,1979085,2033320,Director
566,1100906,2033320,Writer
567,1019746,2033320,Cast
568,1980599,2033320,Cast
569,1029840,2033320,Cast
570,2021435,2033320,Cast
571,1111133,2033320,Cast
572,1100236,2033320,Cast
573,1995172,2057079,Director
574,1995172,2057079,Writer
575,1100482,2050823,Director
576,1100482,2050823,Writer
577,2126472,2050823,Cast
578,2126483,2050823,Cast
579,2126473,2050823,Cast
580,2126466,2050823,Cast
581,2126480,2050823,Cast
582,1992160,2025594,Director
583,1992160,2025594,Writer
584,2008624,2034135,Director
585,2011222,2019611,Director
586,2003159,2019611,Writer
587,2019931,2019611,Cast
588,1105151,2019611,Cast
589,1100983,2019611,Cast
590,1018134,2019611,Cast
591,2005782,2019611,Cast
592,1089829,2019611,Cast
593,1034697,2025510,Director
594,2139877,2025510,Director
595,1034697,2025510,Writer
596,1106912,2025510,Cast
597,1041982,2025510,Cast
598,1041140,2025510,Cast
599,1100312,2025510,Cast
600,1100457,2025510,Cast
601,1999981,2025510,Cast
602,2069910,2021917,Director
603,2139877,2021917,Director
604,1112788,2021917,Writer
605,1061518,2021917,Cast
606,1106505,2021917,Cast
607,1046457,2021917,Cast
608,1007377,2021917,Cast
609,1977398,2021917,Cast
610,1048267,2021917,Cast
611,1002113,2021036,Director
612,2026675,2021036,Writer
613,2016887,2021036,Cast
614,1020216,2021036,Cast
615,1103635,2021036,Cast
616,2028553,2021036,Cast
617,2065466,2021036,Cast
618,1979872,2021036,Cast
619,2063421,2026451,Director
620,1059331,2026451,Director
621,1995169,2026451,Writer
622,2063421,2026451,Writer
623,2062303,2026451,Cast
624,2065621,2026451,Cast
625,2091815,2026451,Cast
626,1043012,2026451,Cast
627,2018087,2026451,Cast
628,2020401,2026451,Cast
629,2004872,2025730,Director
630,2099786,2025730,Director
631,2060743,2025730,Writer
632,1992263,2025730,Writer
633,1018692,2025730,Cast
634,1078978,2025730,Cast
635,1100271,2025730,Cast
636,2074120,2025730,Cast
637,2005021,2025730,Cast
638,2063486,2025730,Cast
639,2023346,2020668,Director
640,2016670,2020668,Cast
641,1088277,2020668,Cast
642,1990216,2018829,Director
643,1977527,2018829,Director
644,1065477,2018829,Writer
645,1031573,2018829,Cast
646,1048632,2018829,Cast
647,1090981,2018829,Cast
648,1005695,2018829,Cast
649,1055985,2018829,Cast
650,1110027,2018829,Cast
651,1101240,2018950,Director
652,1982995,2018950,Director
653,1036976,2018950,Writer
654,1067219,2018950,Writer
655,1015376,2018950,Cast
656,1067219,2018950,Cast
657,2016965,2018950,Cast
658,1011265,2018950,Cast
659,1080872,2018950,Cast
660,1090208,2018950,Cast
661,1100310,2021511,Director
662,1982995,2021511,Director
663,1101764,2021511,Writer
664,1103043,2021511,Cast
665,#google_vignett,2021511,Cast
666,1020534,2021511,Cast
667,1100851,2021511,Cast
668,1035569,2021511,Cast
669,1041140,2021511,Cast
670,1046295,2012045,Director
671,1101308,2012045,Writer
672,1063300,2012045,Cast
673,1091891,2012045,Cast
674,1100033,2012045,Cast
675,1100001,2012045,Cast
676,2014994,2012045,Cast
677,2001424,2012045,Cast
678,1977134,2021414,Director
679,1110405,2021414,Director
680,1977130,2021414,Writer
681,1074887,2021414,Cast
682,1025622,2021414,Cast
683,1100071,2021414,Cast
684,1105167,2021414,Cast
685,1998500,2021414,Cast
686,1977130,2021414,Cast
687,1046295,2025534,Director
688,2059524,2025534,Director
689,1104674,2025534,Writer
690,1015057,2025534,Cast
691,2056532,2025534,Cast
692,2056533,2025534,Cast
693,2056531,2025534,Cast
694,1033632,2025534,Cast
695,1092318,2025534,Cast
696,1102306,2018480,Director
697,1101881,2018480,Writer
698,1080872,2018480,Cast
699,1084040,2018480,Cast
700,2013418,2018480,Cast
701,1056613,2018480,Cast
702,1017923,2018480,Cast
703,1049223,2018480,Cast
704,2015141,2020280,Director
705,2028750,2020280,Director
706,1099929,2020280,Writer
707,1074816,2020280,Cast
708,1089829,2020280,Cast
709,1067219,2020280,Cast
710,1112985,2020280,Cast
711,1112984,2020280,Cast
712,1065713,2020280,Cast
713,1103316,2016632,Director
714,1100871,2016632,Writer
715,1099929,2016632,Writer
716,1074816,2016632,Cast
717,1035984,2016632,Cast
718,1061518,2016632,Cast
719,1017923,2016632,Cast
720,2015165,2016632,Cast
721,1064489,2016632,Cast
722,2026328,2021924,Director
723,2026327,2021924,Director
724,2026328,2021924,Writer
725,2026327,2021924,Writer
726,2026327,2021924,Cast
727,2026328,2021924,Cast
728,2074392,2021924,Cast
729,1070073,1294243,Director
730,2068099,1294243,Director
731,1100066,1294243,Writer
732,1014252,1294243,Cast
733,1015994,1294243,Cast
734,1005695,1294243,Cast
735,1078743,1294243,Cast
736,1056639,1294243,Cast
737,1106904,1294243,Cast
738,1100310,2017531,Director
739,1982995,2017531,Director
740,1101308,2017531,Writer
741,1100258,2017531,Cast
742,1015057,2017531,Cast
743,1002070,2017531,Cast
744,1029840,2017531,Cast
745,1106793,2017531,Cast
746,1108810,2017531,Cast
747,1040495,2019606,Director
748,1081749,2019606,Director
749,1004865,2019606,Writer
750,1061893,2019606,Writer
751,1049209,2019606,Cast
752,1056389,2019606,Cast
753,1100602,2019606,Cast
754,1011913,2019606,Cast
755,1056639,2019606,Cast
756,1977526,2019606,Cast
757,1049257,2018696,Director
758,1100721,2018696,Writer
759,1100254,2018696,Cast
760,1056153,2018696,Cast
761,1066039,2018696,Cast
762,1061156,2018696,Cast
763,1977129,2018696,Cast
764,1105027,2018696,Cast
765,1100099,2005249,Director
766,2000823,2005249,Director
767,1977432,2005249,Writer
768,2028127,2005249,Writer
769,1082130,2005249,Cast
770,1018885,2005249,Cast
771,1026190,2005249,Cast
772,1108529,2005249,Cast
773,2069855,2005249,Cast
774,2069854,2005249,Cast
775,2022155,2020188,Director
776,2062467,2020188,Writer
777,1101828,2020188,Cast
778,1015376,2020188,Cast
779,1102185,2020188,Cast
780,1113207,2020188,Cast
781,1100810,2020188,Cast
782,2017249,2020188,Cast
783,1100029,2007825,Director
784,1982995,2007825,Director
785,1100029,2007825,Writer
786,1014252,2007825,Cast
787,1055941,2007825,Cast
788,1103841,2007825,Cast
789,1035984,2007825,Cast
790,1980136,2007825,Cast
791,1029840,2007825,Cast
792,1992931,2018689,Director
793,2023129,2018689,Director
794,1070999,2018689,Writer
795,1037605,2018689,Cast
796,1023481,2018689,Cast
797,1035569,2018689,Cast
798,1090208,2018689,Cast
799,1035984,2018689,Cast
800,1100677,2018689,Cast
801,2068372,2029316,Director
802,2000839,2041981,Director
803,1106443,2041171,Director
804,1106443,2041171,Writer
805,1106443,2041171,Cast
806,1977738,2033057,Director
807,1977738,2033057,Writer
808,1103868,2033057,Cast
809,2009935,2033057,Cast
810,1100006,2033057,Cast
811,1977738,2033057,Cast
812,2020782,2033057,Cast
813,2074542,2033057,Cast
814,2000839,2041981,Director
815,1019700,2067392,Director
816,1019700,2067392,Writer
817,1100358,2067392,Cast
818,1021151,2067392,Cast
819,2066480,2045085,Director
820,2066480,2045085,Writer
821,1105550,2045085,Cast
822,1013266,2045085,Cast
823,1073426,2045085,Cast
824,1108955,2045085,Cast
825,1980501,2045085,Cast
826,1101633,2045085,Cast
827,2014380,1263843,Director
828,2098756,1263843,Director
829,2014380,1263843,Writer
830,1100006,1263843,Cast
831,1101067,1263843,Cast
832,1106526,1263843,Cast
833,1977421,1263843,Cast
834,1111911,1263843,Cast
835,2063762,1263843,Cast
836,2084751,2037198,Director
837,2084751,2037198,Writer
838,2094969,2019901,Director
839,2023663,2019901,Director
840,2094969,2019901,Writer
841,2023663,2019901,Writer
842,2023663,2019901,Cast
843,2094969,2019901,Cast
844,1998826,2019901,Cast
845,1109473,2019901,Cast
846,1979875,2003922,Director
847,1101240,2003922,Director
848,1979875,2003922,Writer
849,1104175,2003922,Cast
850,1041140,2003922,Cast
851,1100362,2003922,Cast
852,1979871,2003922,Cast
853,1991305,2003922,Cast
854,1983002,2003922,Cast
855,2018589,2018955,Director
856,2018589,2018955,Writer
857,1983847,2018955,Cast
858,1004198,2018955,Cast
859,2001595,2018955,Cast
860,1992562,2018955,Cast
861,2109448,2018955,Cast
862,2109447,2018955,Cast
863,1993430,1416070,Director
864,1103234,1416070,Director
865,1993432,1416070,Writer
866,1048491,1416070,Writer
867,1048491,1416070,Cast
868,1051294,1416070,Cast
869,1089793,1416070,Cast
870,1109891,1416070,Cast
871,1108810,1416070,Cast
872,1108809,1416070,Cast
873,2017975,2018834,Director
874,2023618,2018834,Cast
875,#google_vignett,1390468,Director
876,1106443,2020682,Director
877,1106443,2020682,Writer
878,1028476,2020682,Writer
879,2023348,2020682,Cast
880,1106443,2020682,Cast
881,1101311,1275307,Director
882,1992379,1275307,Director
883,1112875,1275307,Writer
884,1101311,1275307,Writer
885,1103043,1275307,Cast
886,1109525,1275307,Cast
887,1100677,1275307,Cast
888,1103634,1275307,Cast
889,1977528,1275307,Cast
890,1019247,1275307,Cast
891,2168546,2017768,Director
892,1981363,2017768,Writer
893,2025881,2017768,Writer
894,1017923,2017768,Cast
895,2025881,2017768,Cast
896,1006699,2017768,Cast
897,1100009,2017768,Cast
898,2016965,2017768,Cast
899,1992421,2017768,Cast
900,1106776,2016635,Director
901,2056568,2016635,Director
902,1106776,2016635,Writer
903,1016153,2016635,Cast
904,1100310,1334680,Director
905,1982995,1334680,Director
906,1101764,1334680,Writer
907,1101790,1334680,Cast
908,1100000,2018084,Director
909,2091529,2018084,Director
910,2016581,2018084,Writer
911,1075293,2018084,Cast
912,1035984,2018084,Cast
913,1056613,2018084,Cast
914,1101153,2018558,Director
915,2007350,2018558,Writer
916,1100258,2018558,Cast
917,1100677,2018558,Cast
918,1006699,2018558,Cast
919,1113207,2018558,Cast
920,1035984,2018558,Cast
921,1018134,2018558,Cast
922,1103316,1210825,Director
923,1100906,1210825,Writer
924,1065773,1210825,Cast
925,1106892,1210825,Cast
926,1077680,1210825,Cast
927,1023044,1210825,Cast
928,1017923,1210825,Cast
929,1066039,1210825,Cast
930,1056421,2017313,Director
931,1977527,2017313,Director
932,1101296,2017313,Writer
933,1073676,2017313,Cast
934,1100178,2017313,Cast
935,1016014,2017313,Cast
936,1057293,2017313,Cast
937,2014447,2018290,Director
938,2003293,2018290,Director
939,2003293,2018290,Writer
940,2016800,2018290,Cast
941,2016798,2018290,Cast
942,1080752,2005960,Director
943,1080752,2005960,Writer
944,1057698,2008910,Director
945,1024671,2008910,Cast
946,1100321,2008910,Cast
947,1049773,2008910,Cast
948,1035984,2008910,Cast
949,1063608,2008910,Cast
950,1056613,2008910,Cast
951,1072283,2012060,Director
952,1106756,2012060,Director
953,1072283,2012060,Writer
954,1106756,2012060,Writer
955,1040495,1064773,Director
956,1063500,1064773,Writer
957,1085168,2009856,Director
958,1982995,2009856,Director
959,1977130,2009856,Writer
960,1080533,2009856,Cast
961,1020553,2009856,Cast
962,1060952,2009856,Cast
963,1074068,2009856,Cast
964,1083995,2009856,Cast
965,1035705,2009856,Cast
966,1101471,2008377,Director
967,1102123,2008377,Director
968,1981363,2008377,Writer
969,1100447,2008377,Cast
970,1993487,2008377,Cast
971,2014849,2008377,Cast
972,1105454,2008377,Cast
973,2016019,2008377,Cast
974,2087374,2008377,Cast
975,1100000,2006532,Director
976,1110405,2006532,Director
977,1086934,2006532,Cast
978,1105167,2006532,Cast
979,1035984,2006532,Cast
980,1035569,2006532,Cast
981,1059896,2006532,Cast
982,2019847,2006532,Cast
983,2001308,2012371,Director
984,1100000,2006333,Director
985,2002268,2006333,Director
986,1977827,2006333,Writer
987,1105028,2006333,Writer
988,1045552,2006333,Cast
989,1051294,2006333,Cast
990,1089793,2006333,Cast
991,1980599,2006333,Cast
992,2014392,2006333,Cast
993,1113207,2006333,Cast
994,1049257,2006903,Director
995,1066119,2006903,Writer
996,1031573,2006903,Cast
997,1084658,2006903,Cast
998,1998500,2006903,Cast
999,1029334,2006903,Cast
1000,1018134,2006903,Cast
1001,1049773,2006903,Cast
1002,1111509,2006874,Director
1003,1113194,2006874,Director
1004,1100299,2006874,Writer
1005,1100363,2006874,Cast
1006,1100321,2006874,Cast
1007,1100784,2006874,Cast
1008,1112004,2006874,Cast
1009,1108354,2006874,Cast
1010,1109122,2006874,Cast
1011,1981885,2008130,Director
1012,1981885,2008130,Writer
1013,1101790,2008130,Cast
1014,1981872,2008130,Cast
1015,1046457,2008130,Cast
1016,2017980,2008130,Cast
1017,1006699,2008130,Cast
1018,1100870,2008130,Cast
1019,1100310,2010446,Director
1020,2068099,2010446,Director
1021,1101308,2010446,Writer
1022,1100001,2010446,Cast
1023,2006499,2010446,Cast
1024,1101790,2010446,Cast
1025,1083902,2010446,Cast
1026,1100677,2010446,Cast
1027,1077842,2010446,Cast
1028,1103302,2011165,Director
1029,1103302,2011165,Writer
1030,1103302,2011165,Cast
1031,2021877,2011165,Cast
1032,2021878,2011165,Cast
1033,2021879,2011165,Cast
1034,2021885,2011165,Cast
1035,1100870,2011165,Cast
1036,1109093,2008207,Director
1037,2120710,2008207,Director
1038,1112100,2008207,Writer
1039,1979982,2008207,Writer
1040,1049208,2008207,Cast
1041,1015057,2008207,Cast
1042,1067219,2008207,Cast
1043,1090208,2008207,Cast
1044,1105027,2008207,Cast
1045,1110224,2008207,Cast
1046,1031659,1173494,Director
1047,1100611,1173494,Director
1048,1977444,1173494,Writer
1049,1014111,1173494,Writer
1050,1977444,1173494,Cast
1051,1014111,1173494,Cast
1052,1100133,1173494,Cast
1053,1035984,1173494,Cast
1054,1100071,1173494,Cast
1055,1004494,1173494,Cast
1056,2008729,2009289,Director
1057,2008729,2009289,Writer
1058,2020358,2009289,Cast
1059,2020355,2009289,Cast
1060,2020357,2009289,Cast
1061,2034621,2009289,Cast
1062,2038419,2009289,Cast
1063,1057698,1411403,Director
1064,2010678,1411403,Director
1065,1051106,1411403,Writer
1066,1070571,1411403,Cast
1067,1020553,1411403,Cast
1068,1020620,1411403,Cast
1069,1100784,1411403,Cast
1070,1022124,1411403,Cast
1071,2020560,1411403,Cast
1072,1084154,1373354,Director
1073,1113194,1373354,Director
1074,1065477,1373354,Writer
1075,1101296,1373354,Writer
1076,1104201,1373354,Cast
1077,1101294,1373354,Cast
1078,1104097,1373354,Cast
1079,1101708,1373354,Cast
1080,1002111,1373354,Cast
1081,1002070,1373354,Cast
1082,1102117,1476116,Director
1083,1102122,1476116,Director
1084,1053043,1476116,Writer
1085,1045036,1476116,Writer
1086,1001614,1476116,Cast
1087,1056488,1476116,Cast
1088,1001601,1476116,Cast
1089,1102076,1476116,Cast
1090,1102120,1476116,Cast
1091,1080352,1476116,Cast
1092,1090281,2011359,Director
1093,1090281,2011359,Writer
1094,1100447,2011359,Cast
1095,1101665,2011359,Cast
1096,1994327,2011359,Cast
1097,1102195,2011359,Cast
1098,1100669,2011359,Cast
1099,1100774,2011359,Cast
1100,2007965,2009027,Director
1101,2071202,2009027,Writer
1102,2003697,2009027,Cast
1103,1106776,2010476,Director
1104,2006817,2010476,Cast
1105,1102195,2010476,Cast
1106,2015799,2010476,Cast
1107,1013266,2010476,Cast
1108,1096178,2010476,Cast
1109,1015376,2010476,Cast
1110,1110034,2003806,Director
1111,1110034,2003806,Writer
1112,1107319,2003806,Cast
1113,1101883,2003806,Cast
1114,1104098,2003806,Cast
1115,1109238,2003806,Cast
1116,2107209,2003806,Cast
1117,1004494,2003806,Cast
1118,1070999,2010553,Writer
1119,2008632,2022409,Director
1120,2006726,2022409,Writer
1121,1981814,2022409,Cast
1122,2027057,2022409,Cast
1123,1996346,2011664,Director
1124,1996346,2011664,Writer
1125,2009918,2011664,Cast
1126,1108052,2011664,Cast
1127,1111854,2011664,Cast
1128,1100125,2011664,Cast
1129,2020724,2010407,Director
1130,1039400,2010407,Cast
1131,1054096,2010407,Cast
1132,1979871,2010407,Cast
1133,2020724,2010407,Cast
1134,1090281,2011359,Director
1135,1090281,2011359,Writer
1136,1100447,2011359,Cast
1137,1101665,2011359,Cast
1138,1994327,2011359,Cast
1139,1102195,2011359,Cast
1140,1100669,2011359,Cast
1141,1100774,2011359,Cast
1142,1025363,2008658,Writer
1143,2007965,2009027,Director
1144,2071202,2009027,Writer
1145,2003697,2009027,Cast
1146,1006553,1799229,Director
1147,1019457,1799229,Writer
1148,1006699,1799229,Cast
1149,1083995,1799229,Cast
1150,1016462,1799229,Cast
1151,1007480,1799229,Cast
1152,1100774,1799229,Cast
1153,1102185,1799229,Cast
1154,2005021,2008578,Director
1155,2005021,2008578,Writer
1156,2005021,2008578,Cast
1157,1005687,2011068,Director
1158,2070529,2011068,Writer
1159,1080361,2011068,Cast
1160,1091632,2011068,Cast
1161,1093781,2011068,Cast
1162,1112013,2011068,Cast
1163,1106904,2011068,Cast
1164,1104724,2011068,Cast
1165,1100299,1849452,Director
1166,1100611,1849452,Director
1167,1100299,1849452,Writer
1168,1082742,1849452,Cast
1169,1031917,1849452,Cast
1170,1100079,1849452,Cast
1171,1089468,1849452,Cast
1172,1059705,1069375,Director
1173,1106939,1069375,Director
1174,1059705,1069375,Writer
1175,1015994,1069375,Cast
1176,1049773,1069375,Cast
1177,1026173,2006732,Director
1178,1100254,2006732,Cast
1179,1105167,2006732,Cast
1180,1106793,2006732,Cast
